{
  "None Архангельске": [
    63.637521,
    43.33667
  ],
  "улица Ленина": [
    67.637003,
    53.001401
  ],
  "дом 5": [
    63.637521,
    43.33667
  ],
  "улица Победы": [
    67.640058,
    53.010573
  ]
}